{
    "step": 4,
    "train": {
        "loss": 0.06958195567131042,
        "acc": 0.9774333238601685
    },
    "eval": {
        "loss": 0.04297029599547386,
        "acc": 0.9858999848365784
    }
}