{
    "step": 14,
    "train": {
        "loss": 0.026967566460371017,
        "acc": 0.9909999966621399
    },
    "eval": {
        "loss": 0.0340450257062912,
        "acc": 0.9884999990463257
    }
}