{"loss": 0.04297029599547386, "acc": 0.9858999848365784}