{"loss": 0.0340450257062912, "acc": 0.9884999990463257}